,Name,Links
0,Skip to content,https://www.insidetheyard.com/#main
1,,https://www.insidetheyard.com/
2,Lawn Care,https://www.insidetheyard.com/category/lawn-care/
3,,https://www.insidetheyard.com/category/lawn-care/how-to/
4,,https://www.insidetheyard.com/category/lawn-care/facts-and-problems/
5,,https://www.insidetheyard.com/category/lawn-care/reviews-and-comparison/
6,Gardening,https://www.insidetheyard.com/category/gardening/
7,,https://www.insidetheyard.com/category/gardening/how-to-gardening/
8,,https://www.insidetheyard.com/category/gardening/facts-and-problems-gardening/
9,,https://www.insidetheyard.com/category/gardening/reviews-and-comparison-gardening/
10,Insect Guider,https://www.insidetheyard.com/category/insect-guider/
11,,https://www.insidetheyard.com/category/insect-guider/how-to-insect-guider/
12,,https://www.insidetheyard.com/category/insect-guider/facts-and-problems-insect-guider/
13,,https://www.insidetheyard.com/category/insect-guider/pest-controlling/
14,Tools & Diagrams,https://www.insidetheyard.com/category/tools-and-diagrams/
15,,https://www.insidetheyard.com/category/tools-and-diagrams/charts/
16,,https://www.insidetheyard.com/category/tools-and-diagrams/all-of-our-diagrams/
17,,https://www.insidetheyard.com/peat-moss-calculator/
18,,https://www.insidetheyard.com/prodiamine-calculator/
19,Ask Our Support!,https://www.insidetheyard.com/ask-our-support/
20,,https://www.insidetheyard.com/
21,,https://www.insidetheyard.com/how-many-lavender-seeds-per-pot/
22,GARDENING,https://www.insidetheyard.com/category/gardening/
23,FACTS & PROBLEMS,https://www.insidetheyard.com/category/gardening/facts-and-problems-gardening/
24,How Many Lavender Seeds Per Pot You Should Plant?,https://www.insidetheyard.com/how-many-lavender-seeds-per-pot/
25,Myler David,https://www.insidetheyard.com/author/myler-david/
26,"READ MORE
HOW MANY LAVENDER SEEDS PER POT YOU SHOULD PLANT?",https://www.insidetheyard.com/how-many-lavender-seeds-per-pot/
27,,https://www.insidetheyard.com/is-lawncare-one-word/
28,LAWN CARE,https://www.insidetheyard.com/category/lawn-care/
29,FACTS & PROBLEMS,https://www.insidetheyard.com/category/lawn-care/facts-and-problems/
30,"Is Lawncare One Word? A Great Debate, But What’s Experts Say?",https://www.insidetheyard.com/is-lawncare-one-word/
31,White S Mike,https://www.insidetheyard.com/author/white-s-mike/
32,"READ MORE
IS LAWNCARE ONE WORD? A GREAT DEBATE, BUT WHAT’S EXPERTS SAY?",https://www.insidetheyard.com/is-lawncare-one-word/
33,,https://www.insidetheyard.com/bosch-pressure-washer-keeps-cutting-out/
34,LAWN CARE,https://www.insidetheyard.com/category/lawn-care/
35,FACTS & PROBLEMS,https://www.insidetheyard.com/category/lawn-care/facts-and-problems/
36,Bosch Pressure Washer Keeps Cutting Out- Here’s The Solutions You Are Looking For!,https://www.insidetheyard.com/bosch-pressure-washer-keeps-cutting-out/
37,Mark Jaoson,https://www.insidetheyard.com/author/mark-jaoson/
38,"READ MORE
BOSCH PRESSURE WASHER KEEPS CUTTING OUT- HERE’S THE SOLUTIONS YOU ARE LOOKING FOR!",https://www.insidetheyard.com/bosch-pressure-washer-keeps-cutting-out/
39,,https://www.insidetheyard.com/greenworks-pressure-washer-gun-leaking/
40,LAWN CARE,https://www.insidetheyard.com/category/lawn-care/
41,FACTS & PROBLEMS,https://www.insidetheyard.com/category/lawn-care/facts-and-problems/
42,GreenWorks Pressure Washer Gun Leaking Troubleshooting- Reasons and Solutions,https://www.insidetheyard.com/greenworks-pressure-washer-gun-leaking/
43,Mark Jaoson,https://www.insidetheyard.com/author/mark-jaoson/
44,"READ MORE
GREENWORKS PRESSURE WASHER GUN LEAKING TROUBLESHOOTING- REASONS AND SOLUTIONS",https://www.insidetheyard.com/greenworks-pressure-washer-gun-leaking/
45,,https://www.insidetheyard.com/roundup-comparison-chart/
46,CHARTS,https://www.insidetheyard.com/category/tools-and-diagrams/charts/
47,TOOLS & DIAGRAMS,https://www.insidetheyard.com/category/tools-and-diagrams/
48,Roundup Comparison Chart: The Suitable Use Of The Products,https://www.insidetheyard.com/roundup-comparison-chart/
49,Mark Jaoson,https://www.insidetheyard.com/author/mark-jaoson/
50,"READ MORE
ROUNDUP COMPARISON CHART: THE SUITABLE USE OF THE PRODUCTS",https://www.insidetheyard.com/roundup-comparison-chart/
51,,https://www.insidetheyard.com/corn-companion-planting-chart/
52,TOOLS & DIAGRAMS,https://www.insidetheyard.com/category/tools-and-diagrams/
53,CHARTS,https://www.insidetheyard.com/category/tools-and-diagrams/charts/
54,Corn Companion Planting Chart: 6 Plants Are Highly Suggested,https://www.insidetheyard.com/corn-companion-planting-chart/
55,Mark Jaoson,https://www.insidetheyard.com/author/mark-jaoson/
56,"READ MORE
CORN COMPANION PLANTING CHART: 6 PLANTS ARE HIGHLY SUGGESTED",https://www.insidetheyard.com/corn-companion-planting-chart/
57,,https://www.insidetheyard.com/scotts-edgeguard-mini-spreader-settings-pounds-per-square-foot/
58,LAWN CARE,https://www.insidetheyard.com/category/lawn-care/
59,FACTS & PROBLEMS,https://www.insidetheyard.com/category/lawn-care/facts-and-problems/
60,How to Use Scotts EdgeGuard Mini Spreader Settings Pounds Per Square Foot,https://www.insidetheyard.com/scotts-edgeguard-mini-spreader-settings-pounds-per-square-foot/
61,White S Mike,https://www.insidetheyard.com/author/white-s-mike/
62,"READ MORE
HOW TO USE SCOTTS EDGEGUARD MINI SPREADER SETTINGS POUNDS PER SQUARE FOOT",https://www.insidetheyard.com/scotts-edgeguard-mini-spreader-settings-pounds-per-square-foot/
63,,https://www.insidetheyard.com/what-is-contractors-mix-grass-seed/
64,LAWN CARE,https://www.insidetheyard.com/category/lawn-care/
65,FACTS & PROBLEMS,https://www.insidetheyard.com/category/lawn-care/facts-and-problems/
66,What Is Contractors Mix Grass Seed? Beneficial Grass Facts For Your Yard,https://www.insidetheyard.com/what-is-contractors-mix-grass-seed/
67,Mark Jaoson,https://www.insidetheyard.com/author/mark-jaoson/
68,"READ MORE
WHAT IS CONTRACTORS MIX GRASS SEED? BENEFICIAL GRASS FACTS FOR YOUR YARD",https://www.insidetheyard.com/what-is-contractors-mix-grass-seed/
69,,https://www.insidetheyard.com/where-are-ferris-mowers-made/
70,LAWN CARE,https://www.insidetheyard.com/category/lawn-care/
71,FACTS & PROBLEMS,https://www.insidetheyard.com/category/lawn-care/facts-and-problems/
72,Where Are Ferris Mowers Made- Know The Exact Location And The History Of The Manufacturer,https://www.insidetheyard.com/where-are-ferris-mowers-made/
73,Mark Jaoson,https://www.insidetheyard.com/author/mark-jaoson/
74,"READ MORE
WHERE ARE FERRIS MOWERS MADE- KNOW THE EXACT LOCATION AND THE HISTORY OF THE MANUFACTURER",https://www.insidetheyard.com/where-are-ferris-mowers-made/
75,,https://www.insidetheyard.com/greenworks-1600-pressure-washer-problems/
76,LAWN CARE,https://www.insidetheyard.com/category/lawn-care/
77,FACTS & PROBLEMS,https://www.insidetheyard.com/category/lawn-care/facts-and-problems/
78,GreenWorks 1600 Pressure Washer Problems You May Encounter: Fixing Solution,https://www.insidetheyard.com/greenworks-1600-pressure-washer-problems/
79,Mark Jaoson,https://www.insidetheyard.com/author/mark-jaoson/
80,"READ MORE
GREENWORKS 1600 PRESSURE WASHER PROBLEMS YOU MAY ENCOUNTER: FIXING SOLUTION",https://www.insidetheyard.com/greenworks-1600-pressure-washer-problems/
81,2,https://www.insidetheyard.com/page/2/
82,3,https://www.insidetheyard.com/page/3/
83,57,https://www.insidetheyard.com/page/57/
84,Next Page,https://www.insidetheyard.com/page/2/
85,About Us,https://www.insidetheyard.com/about-us/
86,Contact Us,https://www.insidetheyard.com/contact-us/
87,Privacy Policy,https://www.insidetheyard.com/privacy-policy/
88,,https://www.dmca.com/Protection/Status.aspx?ID=921917f6-9d0e-421f-964f-e1816a90afc2&refurl=https://www.insidetheyard.com/
89,,https://www.insidetheyard.com/category/lawn-care/
90,,https://www.insidetheyard.com/category/lawn-care/how-to/
91,,https://www.insidetheyard.com/category/lawn-care/facts-and-problems/
92,,https://www.insidetheyard.com/category/lawn-care/reviews-and-comparison/
93,,https://www.insidetheyard.com/category/gardening/
94,,https://www.insidetheyard.com/category/gardening/how-to-gardening/
95,,https://www.insidetheyard.com/category/gardening/facts-and-problems-gardening/
96,,https://www.insidetheyard.com/category/gardening/reviews-and-comparison-gardening/
97,,https://www.insidetheyard.com/category/insect-guider/
98,,https://www.insidetheyard.com/category/insect-guider/how-to-insect-guider/
99,,https://www.insidetheyard.com/category/insect-guider/facts-and-problems-insect-guider/
100,,https://www.insidetheyard.com/category/insect-guider/pest-controlling/
101,,https://www.insidetheyard.com/category/tools-and-diagrams/
102,,https://www.insidetheyard.com/category/tools-and-diagrams/charts/
103,,https://www.insidetheyard.com/category/tools-and-diagrams/all-of-our-diagrams/
104,,https://www.insidetheyard.com/peat-moss-calculator/
105,,https://www.insidetheyard.com/prodiamine-calculator/
